"name","full_name","clone_url","html_url","created_at","updated_at","language","size","stargazers_count","watchers_count","forks_count","topics","visibility","forks","open_issues","watchers"
"ompi","open-mpi/ompi","https://github.com/open-mpi/ompi.git","https://github.com/open-mpi/ompi","2014-09-16T16:08:30Z","2022-10-09T11:28:07Z","C",173156,1561,1561,733,"['c', 'fortran', 'hacktoberfest', 'hpc', 'mpi', 'openmpi']","public",733,623,1561
"blis","flame/blis","https://github.com/flame/blis.git","https://github.com/flame/blis","2014-01-22T15:58:24Z","2022-10-10T06:10:07Z","C",47107,1386,1386,290,"['blas', 'blas-libraries', 'blis', 'high-performance', 'high-performance-computing', 'hpc', 'linear-algebra', 'linear-algebra-library', 'matrix', 'matrix-calculations', 'matrix-functions', 'matrix-library', 'matrix-multiplication', 'optimization']","public",290,81,1386
"VkFFT","DTolm/VkFFT","https://github.com/DTolm/VkFFT.git","https://github.com/DTolm/VkFFT","2020-08-02T08:28:36Z","2022-10-09T23:29:13Z","C",34282,913,913,49,"['c2r', 'convolution', 'cuda', 'dct', 'fft', 'hip', 'hpc', 'levelzero', 'metal', 'opencl', 'r2c', 'r2r', 'vulkan']","public",49,30,913
"ucx","openucx/ucx","https://github.com/openucx/ucx.git","https://github.com/openucx/ucx","2014-10-17T22:17:24Z","2022-10-09T07:36:51Z","C",59822,745,745,310,"['aries', 'c', 'c-plus-plus', 'cray', 'drivers', 'gemini', 'hacktoberfest', 'hpc', 'infiniband', 'iwarp', 'mpi', 'networking', 'openshmem', 'pgas', 'rdma', 'roce', 'shared-memory', 'shmem', 'tcp-ip', 'verbs']","public",310,620,745
"ohpc","openhpc/ohpc","https://github.com/openhpc/ohpc.git","https://github.com/openhpc/ohpc","2015-09-28T18:20:29Z","2022-10-09T09:32:47Z","C",24020,684,684,168,"['clusters-management', 'devtools', 'hpc', 'linuxfoundation', 'mpi', 'package-repository', 'scientific-computing']","public",168,156,684
"openpbs","openpbs/openpbs","https://github.com/openpbs/openpbs.git","https://github.com/openpbs/openpbs","2016-05-18T04:31:29Z","2022-10-09T20:09:19Z","C",40220,557,557,294,"['cloud', 'cluster', 'green', 'hooks', 'hpc', 'job-scheduler', 'pbs', 'pbs-professional', 'plugins', 'provisioning', 'scheduling']","public",294,69,557
"hypre","hypre-space/hypre","https://github.com/hypre-space/hypre.git","https://github.com/hypre-space/hypre","2018-11-19T20:42:15Z","2022-10-09T06:15:34Z","C",217803,416,416,117,"['hpc', 'library', 'math-physics', 'radiuss']","public",117,131,416
"mpich","pmodels/mpich","https://github.com/pmodels/mpich.git","https://github.com/pmodels/mpich","2016-10-14T14:39:42Z","2022-10-02T16:50:39Z","C",82468,394,394,231,"['c', 'fortran', 'hpc', 'mpi']","public",231,156,394
"shifter","NERSC/shifter","https://github.com/NERSC/shifter.git","https://github.com/NERSC/shifter","2016-02-26T20:42:28Z","2022-10-08T02:01:01Z","C",3790,333,333,68,"['containers', 'hpc', 'linux']","public",68,46,333
"sundials","LLNL/sundials","https://github.com/LLNL/sundials.git","https://github.com/LLNL/sundials","2017-10-05T17:20:03Z","2022-09-25T13:05:05Z","C",110358,290,290,73,"['dae-solver', 'high-performance-computing', 'hpc', 'math-physics', 'nonlinear-equation-solver', 'ode-solver', 'parallel-computing', 'radiuss', 'scientific-computing', 'sensitivity-analysis', 'solver', 'time-integration']","public",73,26,290
"visit","visit-dav/visit","https://github.com/visit-dav/visit.git","https://github.com/visit-dav/visit","2019-01-13T23:27:26Z","2022-10-10T12:40:55Z","C",364095,264,264,81,"['data-analysis', 'data-viz', 'hpc', 'python', 'radiuss', 'scientific-computing', 'scientific-visualization', 'visualization']","public",81,1703,264
"nsimd","agenium-scale/nsimd","https://github.com/agenium-scale/nsimd.git","https://github.com/agenium-scale/nsimd","2019-04-10T09:47:03Z","2022-10-02T00:52:24Z","C",7251,261,261,27,"['aarch64', 'avx', 'avx2', 'avx512', 'cpp20', 'cpp20-library', 'cuda', 'hpc', 'neon', 'neon128', 'rocm', 'simd', 'simd-instructions', 'simd-library', 'simd-programming', 'sse2', 'sse42', 'sve', 'vectorization-library']","public",27,16,261
"libCEED","CEED/libCEED","https://github.com/CEED/libCEED.git","https://github.com/CEED/libCEED","2017-12-06T17:57:40Z","2022-10-06T21:07:58Z","C",14230,128,128,29,"['api', 'ceed', 'cuda', 'ecp', 'exascale-computing', 'gpu', 'high-order', 'high-performance-computing', 'hpc', 'julia', 'linear-algebra']","public",29,38,128
"mercury","mercury-hpc/mercury","https://github.com/mercury-hpc/mercury.git","https://github.com/mercury-hpc/mercury","2015-06-17T18:34:52Z","2022-09-15T01:57:04Z","C",6024,113,113,55,"['data-services', 'hpc', 'networking', 'rpc']","public",55,64,113
"flux-core","flux-framework/flux-core","https://github.com/flux-framework/flux-core.git","https://github.com/flux-framework/flux-core","2014-09-26T22:27:19Z","2022-08-30T00:41:04Z","C",42959,107,107,45,"['hpc', 'radiuss', 'resource-manager', 'workflows']","public",45,368,107
"cf4ocl","nunofachada/cf4ocl","https://github.com/nunofachada/cf4ocl.git","https://github.com/nunofachada/cf4ocl","2013-07-01T23:50:51Z","2022-09-27T12:34:41Z","C",3618,105,105,19,"['c', 'framework', 'gpgpu', 'gpu', 'hpc', 'opencl', 'opencl-api', 'opencl-objects', 'scientific-computing', 'wrapper']","public",19,18,105
"mckernel","RIKEN-SysSoft/mckernel","https://github.com/RIKEN-SysSoft/mckernel.git","https://github.com/RIKEN-SysSoft/mckernel","2018-08-17T02:06:58Z","2022-09-09T07:02:37Z","C",33203,88,88,18,"['hpc', 'operating-system', 'supercomputing']","public",18,6,88
"argobots","pmodels/argobots","https://github.com/pmodels/argobots.git","https://github.com/pmodels/argobots","2016-06-15T14:34:47Z","2022-09-24T08:12:45Z","C",4760,85,85,37,"['c', 'hpc', 'threading']","public",37,19,85
"ucc","openucx/ucc","https://github.com/openucx/ucc.git","https://github.com/openucx/ucc","2020-07-25T17:18:51Z","2022-10-04T11:04:24Z","C",15813,66,66,49,"['collectives', 'cuda', 'deep-learning', 'hpc', 'infiniband', 'mpi', 'openshmem', 'pgas', 'pytorch', 'roce', 'sharp']","public",49,49,66
"msr-safe","LLNL/msr-safe","https://github.com/LLNL/msr-safe.git","https://github.com/LLNL/msr-safe","2014-10-31T23:40:38Z","2022-09-30T05:27:05Z","C",5919,63,63,17,"['c', 'gov', 'hpc', 'kernel-module', 'llnl', 'msr', 'msr-safe', 'performance', 'performance-monitoring']","public",17,13,63
"PnetCDF","Parallel-NetCDF/PnetCDF","https://github.com/Parallel-NetCDF/PnetCDF.git","https://github.com/Parallel-NetCDF/PnetCDF","2017-04-18T03:27:23Z","2022-09-24T16:11:24Z","C",28211,61,61,16,"['c', 'c-plus-plus', 'fortran', 'hpc', 'mpi-io', 'netcdf', 'parallel', 'parallel-io', 'pnetcdf']","public",16,9,61
"libmsr","LLNL/libmsr","https://github.com/LLNL/libmsr.git","https://github.com/LLNL/libmsr","2014-08-13T17:40:53Z","2022-09-20T02:28:52Z","C",7015,48,48,21,"['c', 'counters', 'hpc', 'intel', 'performance', 'performance-analysis', 'power', 'thermal']","public",21,9,48
"SOS","Sandia-OpenSHMEM/SOS","https://github.com/Sandia-OpenSHMEM/SOS.git","https://github.com/Sandia-OpenSHMEM/SOS","2015-09-15T15:34:37Z","2022-06-29T18:21:00Z","C",5372,44,44,44,"['hpc', 'middleware', 'openshmem', 'parallel-computing', 'pgas']","public",44,96,44
"OpenMP-101","ysh329/OpenMP-101","https://github.com/ysh329/OpenMP-101.git","https://github.com/ysh329/OpenMP-101","2019-01-12T00:47:34Z","2022-09-23T00:27:43Z","C",8065,41,41,13,"['exercise', 'guide', 'guidebook', 'hpc', 'omp', 'omp-parallel', 'openmp', 'openmp-parallelization', 'tutorial']","public",13,4,41
"swiftsim","SWIFTSIM/swiftsim","https://github.com/SWIFTSIM/swiftsim.git","https://github.com/SWIFTSIM/swiftsim","2018-03-19T12:42:50Z","2022-09-13T07:09:34Z","C",94705,40,40,23,"['astrophysics', 'cosmology', 'gravity', 'hpc', 'hydrodynamics', 'mpi', 'nbody', 'nbody-simulation', 'simulations', 'sph', 'task-based']","public",23,6,40
"tacc_stats","TACC/tacc_stats","https://github.com/TACC/tacc_stats.git","https://github.com/TACC/tacc_stats","2014-06-25T17:42:03Z","2022-07-26T02:43:42Z","C",15057,36,36,14,"['hpc', 'metrics', 'performance-analysis', 'rabbitmq', 'xsede']","public",14,14,36
"slurm-drmaa","natefoo/slurm-drmaa","https://github.com/natefoo/slurm-drmaa.git","https://github.com/natefoo/slurm-drmaa","2017-07-11T22:27:06Z","2022-09-23T10:11:35Z","C",253,35,35,19,"['cluster', 'clusters', 'distributed-computing', 'drmaa', 'hpc', 'resource-management', 'slurm', 'slurm-job-scheduler']","public",19,20,35
"SPARC","SPARC-X/SPARC","https://github.com/SPARC-X/SPARC.git","https://github.com/SPARC-X/SPARC","2020-05-20T19:07:37Z","2022-10-08T22:28:20Z","C",28583,33,33,19,"['aimd', 'boundary-conditions', 'dft-calculations', 'easy-install', 'electronic-structure', 'finite-difference-method', 'hpc', 'kohn-sham', 'large-scale', 'massively-parallel', 'real-space', 'structural-optimization']","public",19,7,33
"nautilus","HExSA-Lab/nautilus","https://github.com/HExSA-Lab/nautilus.git","https://github.com/HExSA-Lab/nautilus","2018-08-03T01:53:57Z","2022-09-05T09:22:07Z","C",5870,31,31,50,"['aerokernel', 'hpc', 'hrt', 'hvm', 'hybrid-runtimes', 'kernel', 'nautilus', 'operating-system', 'os', 'supercomputing', 'unikernel', 'virtual-machine']","public",50,8,31
"MACSio","LLNL/MACSio","https://github.com/LLNL/MACSio.git","https://github.com/LLNL/MACSio","2015-08-13T19:13:14Z","2022-06-09T17:54:25Z","C",11450,30,30,15,"['hpc', 'io-benchmark', 'io-library', 'parallel-io', 'performance-testing', 'proxy-application', 'scientific-computing']","public",15,9,30
"cruise","LLNL/cruise","https://github.com/LLNL/cruise.git","https://github.com/LLNL/cruise","2013-09-12T00:36:31Z","2022-06-19T13:43:37Z","C",1866,28,28,7,"['checkpoint', 'checkpoint-restart', 'exascale-computing', 'file-system', 'hpc', 'parallel', 'parallel-computing', 'storage', 'system-software']","public",7,0,28
"libquo","lanl/libquo","https://github.com/lanl/libquo.git","https://github.com/lanl/libquo","2013-12-19T04:11:09Z","2022-10-06T04:25:28Z","C",12848,22,22,8,"['hardware-locality', 'hpc', 'hwloc', 'mpi', 'mpi-applications', 'mpi-plus-x', 'mpix', 'openmp', 'pthreads', 'threading']","public",8,6,22
"julea","julea-io/julea","https://github.com/julea-io/julea.git","https://github.com/julea-io/julea","2017-06-14T14:23:24Z","2022-05-25T07:22:42Z","C",5603,22,22,25,"['database-store', 'file-system', 'high-performance-computing', 'hpc', 'key-value-store', 'object-store', 'storage-framework', 'storage-system']","public",25,46,22
"gslib","Nek5000/gslib","https://github.com/Nek5000/gslib.git","https://github.com/Nek5000/gslib","2017-04-27T21:44:48Z","2022-09-16T14:20:25Z","C",1062,22,22,21,"['communication', 'hpc', 'mpi']","public",21,15,22
"Foundations_of_HPC_2021","Foundations-of-HPC/Foundations_of_HPC_2021","https://github.com/Foundations-of-HPC/Foundations_of_HPC_2021.git","https://github.com/Foundations-of-HPC/Foundations_of_HPC_2021","2021-09-21T13:06:22Z","2022-10-10T09:22:09Z","C",193050,20,20,26,"['hpc', 'hpc-applications', 'hpc-systems', 'mpi', 'openmp', 'parallel-computing', 'parallel-programming']","public",26,0,20
"h5bench","hpc-io/h5bench","https://github.com/hpc-io/h5bench.git","https://github.com/hpc-io/h5bench","2020-10-28T18:31:02Z","2022-07-29T08:34:17Z","C",1028,19,19,14,"['benchmark', 'hdf5', 'hpc']","public",14,5,19
"training-ay1819","ntuhpc/training-ay1819","https://github.com/ntuhpc/training-ay1819.git","https://github.com/ntuhpc/training-ay1819","2018-08-26T05:49:55Z","2022-05-14T17:29:23Z","C",13925,20,20,9,"['cuda', 'hpc', 'mpi', 'openmp', 'parallel-computing']","public",9,0,20
"titan2d","TITAN2D/titan2d","https://github.com/TITAN2D/titan2d.git","https://github.com/TITAN2D/titan2d","2015-04-23T16:57:11Z","2022-08-12T02:56:52Z","C",59241,17,17,15,"['amr', 'avalanche', 'digital-elevation-model', 'geophysical-fluid', 'hazard-assessment', 'hpc', 'landslide', 'shallow-water-equations', 'volcanology']","public",15,4,17
"miniBUDE","UoB-HPC/miniBUDE","https://github.com/UoB-HPC/miniBUDE.git","https://github.com/UoB-HPC/miniBUDE","2020-10-15T12:14:44Z","2022-08-23T17:05:10Z","C",20058,17,17,7,"['benchmark', 'hpc', 'performance-portability']","public",7,10,17
"gmt","pnnl/gmt","https://github.com/pnnl/gmt.git","https://github.com/pnnl/gmt","2018-05-08T20:56:13Z","2022-06-26T21:48:30Z","C",552,17,17,4,"['hpc', 'runtime']","public",4,7,17
"starpu","starpu-runtime/starpu","https://github.com/starpu-runtime/starpu.git","https://github.com/starpu-runtime/starpu","2022-01-13T16:12:45Z","2022-09-22T09:17:43Z","C",60447,17,17,3,"['hpc']","public",3,0,17
"HPL-AI","wu-kan/HPL-AI","https://github.com/wu-kan/HPL-AI.git","https://github.com/wu-kan/HPL-AI","2021-02-05T15:50:39Z","2022-09-14T06:04:28Z","C",1031,16,16,5,"['benchmarking', 'gmres', 'hpc', 'hpl', 'hpl-ai', 'linpack', 'mixed-precision', 'mpi', 'performance']","public",5,0,16
"hp2p","cea-hpc/hp2p","https://github.com/cea-hpc/hp2p.git","https://github.com/cea-hpc/hp2p","2017-02-15T13:54:08Z","2022-06-14T06:25:37Z","C",2386,16,16,8,"['benchmark', 'hpc', 'hpc-applications', 'mpi', 'network', 'network-analysis', 'parallel', 'parallel-computing', 'tool']","public",8,3,16
"mpibind","LLNL/mpibind","https://github.com/LLNL/mpibind.git","https://github.com/LLNL/mpibind","2020-07-22T00:28:33Z","2022-09-09T15:40:36Z","C",5261,13,13,7,"['gpu', 'hpc', 'linux', 'mpi', 'mpibind', 'openmp', 'parallel', 'parallel-computing', 'performance', 'portability', 'productivity', 'scientific-computing', 'system-software']","public",7,4,13
"PIDX","sci-visus/PIDX","https://github.com/sci-visus/PIDX.git","https://github.com/sci-visus/PIDX","2014-08-26T18:51:42Z","2022-09-21T08:01:32Z","C",6472,13,13,11,"['data-visualization', 'hpc', 'io', 'pidx']","public",11,6,13
"sos_flow","cdwdirect/sos_flow","https://github.com/cdwdirect/sos_flow.git","https://github.com/cdwdirect/sos_flow","2016-01-28T22:00:39Z","2022-02-24T06:52:39Z","C",35176,12,12,4,"['analytics', 'api', 'daemon', 'distributed-systems', 'hpc', 'hpc-systems', 'in', 'in-situ', 'introspection', 'linux', 'monitoring', 'performance', 'performance-analysis', 'runtime-daemon', 'service', 'sos', 'sos-flow', 'sql', 'steering', 'workflow']","public",4,11,12
"chatterbug","hpcgroup/chatterbug","https://github.com/hpcgroup/chatterbug.git","https://github.com/hpcgroup/chatterbug","2018-08-07T06:06:59Z","2022-07-20T12:42:19Z","C",463,10,10,1,"['hpc', 'proxy-application']","public",1,1,10
"vol-cache","hpc-io/vol-cache","https://github.com/hpc-io/vol-cache.git","https://github.com/hpc-io/vol-cache","2020-12-07T15:45:52Z","2022-09-20T21:57:39Z","C",3215,9,9,5,"['hpc', 'parallel-io']","public",5,2,9
"rindow-openblas","rindow/rindow-openblas","https://github.com/rindow/rindow-openblas.git","https://github.com/rindow/rindow-openblas","2020-02-04T07:50:06Z","2022-10-01T10:11:33Z","C",273,9,9,2,"['hpc', 'machine-learning', 'mathematics', 'openblas', 'php', 'php-extension', 'php-extensions', 'php8', 'scientific-computing']","public",2,1,9
"openPMD-visit-plugin","openPMD/openPMD-visit-plugin","https://github.com/openPMD/openPMD-visit-plugin.git","https://github.com/openPMD/openPMD-visit-plugin","2017-10-17T16:04:16Z","2021-11-18T22:28:38Z","C",319,8,8,4,"['community', 'hpc', 'openpmd', 'openscience', 'research', 'visit', 'visualization', 'vtk']","public",4,7,8
"Adiak","LLNL/Adiak","https://github.com/LLNL/Adiak.git","https://github.com/LLNL/Adiak","2019-10-02T22:23:05Z","2022-08-26T06:58:10Z","C",126,8,8,4,"['hpc']","public",4,1,8
"pcvs-benchmarks","cea-hpc/pcvs-benchmarks","https://github.com/cea-hpc/pcvs-benchmarks.git","https://github.com/cea-hpc/pcvs-benchmarks","2020-03-02T08:08:59Z","2022-09-09T06:55:38Z","C",47052,7,7,0,"['hpc', 'test', 'validation']","public",0,0,7
"iotrace","nicolasgross/iotrace","https://github.com/nicolasgross/iotrace.git","https://github.com/nicolasgross/iotrace","2019-01-11T12:00:36Z","2022-10-03T21:06:30Z","C",258,7,7,2,"['analytics', 'high-performance-computing', 'hpc', 'input', 'output', 'profiling', 'ptrace', 'tracer']","public",2,1,7
"MPI-pattern-matching","arneish/MPI-pattern-matching","https://github.com/arneish/MPI-pattern-matching.git","https://github.com/arneish/MPI-pattern-matching","2019-04-17T23:14:39Z","2019-07-09T13:30:42Z","C",1446,7,7,0,"['c', 'cpp11', 'distributed-computing', 'distributed-systems', 'hpc', 'hpc-applications', 'mpi', 'mpi-applications', 'mpich', 'openmpi', 'parallel', 'parallel-programming', 'pattern-matching']","public",0,0,7
"rindow-opencl","rindow/rindow-opencl","https://github.com/rindow/rindow-opencl.git","https://github.com/rindow/rindow-opencl","2020-12-22T04:26:57Z","2022-10-01T10:09:45Z","C",98,7,7,1,"['gpgpu', 'gpu', 'hpc', 'machine-learning', 'mathematics', 'opencl', 'php', 'php-extension', 'php8']","public",1,0,7
"sc19-tutorial","supercontainers/sc19-tutorial","https://github.com/supercontainers/sc19-tutorial.git","https://github.com/supercontainers/sc19-tutorial","2019-07-08T15:47:19Z","2020-10-24T20:43:37Z","C",108270,6,6,2,"['containerization', 'containers', 'hpc', 'shifter', 'singularity', 'singularity-containers', 'tutorial']","public",2,1,6
"lsf-plugins","IBMSpectrumComputing/lsf-plugins","https://github.com/IBMSpectrumComputing/lsf-plugins.git","https://github.com/IBMSpectrumComputing/lsf-plugins","2017-08-18T13:00:28Z","2020-05-04T14:02:47Z","C",63,6,6,0,"['eauth', 'echkpnt', 'eexec', 'elim', 'erstart', 'esub', 'hpc', 'lsf', 'plugins']","public",0,1,6
"Inception","NCAR/Inception","https://github.com/NCAR/Inception.git","https://github.com/NCAR/Inception","2016-05-03T22:32:33Z","2022-01-24T06:06:34Z","C",28,6,6,2,"['container-runtime', 'containers', 'hpc']","public",2,8,6
"2DPartInt","eafit-apolo/2DPartInt","https://github.com/eafit-apolo/2DPartInt.git","https://github.com/eafit-apolo/2DPartInt","2019-04-10T13:59:57Z","2022-08-01T20:49:02Z","C",1226,6,6,0,"['civil-engineering', 'geomechanics', 'gpu', 'hpc', 'openacc']","public",0,7,6
"SigSRF_SDK","signalogic/SigSRF_SDK","https://github.com/signalogic/SigSRF_SDK.git","https://github.com/signalogic/SigSRF_SDK","2016-04-05T16:08:39Z","2022-01-08T10:48:23Z","C",1614097,6,6,2,"['ai-servers', 'ar', 'cloud', 'cocpu', 'codecs', 'cpu-cores', 'demo-application', 'evs', 'h264', 'hpc', 'streaming', 'video', 'voice']","public",2,0,6
"pbdBASE","RBigData/pbdBASE","https://github.com/RBigData/pbdBASE.git","https://github.com/RBigData/pbdBASE","2012-10-16T19:42:29Z","2021-10-27T16:08:33Z","C",5664,5,5,4,"['hpc', 'mpi', 'pbdr', 'r', 'scalapack']","public",4,2,5
"slurm-replay","eth-cscs/slurm-replay","https://github.com/eth-cscs/slurm-replay.git","https://github.com/eth-cscs/slurm-replay","2018-06-22T15:22:37Z","2022-09-15T16:52:17Z","C",342,5,5,0,"['hpc', 'replay', 'slurm']","public",0,0,5
"autoperf","HPCL/autoperf","https://github.com/HPCL/autoperf.git","https://github.com/HPCL/autoperf","2015-04-16T00:04:45Z","2022-03-24T08:30:17Z","C",2345,5,5,2,"['experiment-control', 'hpc', 'monitoring', 'performance']","public",2,20,5
"image-processing-graph-laplacian","David-Wobrock/image-processing-graph-laplacian","https://github.com/David-Wobrock/image-processing-graph-laplacian.git","https://github.com/David-Wobrock/image-processing-graph-laplacian","2017-10-20T14:39:52Z","2021-12-19T19:02:48Z","C",2912,5,5,1,"['hpc', 'image-processing', 'laplacian-matrix', 'petsc', 'slepc']","public",1,0,5
"2D-VTI-FD-RTM-mpich","Rtoax/2D-VTI-FD-RTM-mpich","https://github.com/Rtoax/2D-VTI-FD-RTM-mpich.git","https://github.com/Rtoax/2D-VTI-FD-RTM-mpich","2018-06-15T14:39:02Z","2022-06-01T05:23:23Z","C",836,5,5,1,"['adcigs', 'fd', 'hpc', 'mpi', 'rtm', 'vti']","public",1,0,5
"uvm-eval","tallendev/uvm-eval","https://github.com/tallendev/uvm-eval.git","https://github.com/tallendev/uvm-eval","2021-04-09T20:15:07Z","2022-03-11T22:11:32Z","C",140722,5,5,2,"['gpgpu', 'gpu-computing', 'hpc', 'uvm', 'virtual-memory']","public",2,0,5
"john","openwall/john","https://github.com/openwall/john.git","https://github.com/openwall/john","2011-12-16T19:43:47Z","2022-10-10T16:08:23Z","C",129457,6829,6829,1742,"['assembler', 'c', 'cracker', 'crypt', 'fpga', 'gpgpu', 'gpu', 'hash', 'john', 'jtr', 'mpi', 'opencl', 'openmp', 'password', 'ripper', 'simd']","public",1742,467,6829
"libtommath","libtom/libtommath","https://github.com/libtom/libtommath.git","https://github.com/libtom/libtommath","2010-06-16T18:46:26Z","2022-10-09T23:12:39Z","C",21480,532,532,172,"['c', 'libtommath', 'math', 'mpi', 'multi-precision']","public",172,37,532
"Kernels","ParRes/Kernels","https://github.com/ParRes/Kernels.git","https://github.com/ParRes/Kernels","2013-10-04T18:00:10Z","2022-10-08T05:21:25Z","C",14600,348,348,99,"['boost', 'c', 'c-plus-plus', 'charmplusplus', 'coarray-fortran', 'fortran2008', 'julia', 'kokkos', 'mpi', 'opencl', 'openmp', 'parallel-computing', 'parallel-programming', 'pgas', 'python3', 'shmem', 'sycl', 'tbb', 'threading', 'travis-ci']","public",99,28,348
"tomsfastmath","libtom/tomsfastmath","https://github.com/libtom/tomsfastmath.git","https://github.com/libtom/tomsfastmath","2010-07-22T08:12:38Z","2022-09-16T15:59:29Z","C",1724,188,188,61,"['c', 'math', 'mpi', 'tomsfastmath']","public",61,9,188
"matex","matex-org/matex","https://github.com/matex-org/matex.git","https://github.com/matex-org/matex","2016-03-07T22:32:44Z","2022-10-08T09:37:31Z","C",1146026,110,110,41,"['deeplearning', 'machine-learning', 'mnist', 'mpi', 'scale-systems', 'supercomputers']","public",41,6,110
"scr","LLNL/scr","https://github.com/LLNL/scr.git","https://github.com/LLNL/scr","2012-12-29T20:48:21Z","2022-09-29T21:18:04Z","C",306995,83,83,28,"['checkpoint', 'data-management', 'mpi', 'radiuss', 'scalable']","public",28,95,83
"adda","adda-team/adda","https://github.com/adda-team/adda.git","https://github.com/adda-team/adda","2015-08-12T07:43:50Z","2022-09-22T16:27:09Z","C",37811,73,73,49,"['adda', 'c99', 'dda', 'discrete-dipole-approximation', 'light-scattering', 'mpi', 'numerical-simulations', 'opencl', 'optics']","public",49,148,73
"splatt","ShadenSmith/splatt","https://github.com/ShadenSmith/splatt.git","https://github.com/ShadenSmith/splatt","2016-06-17T20:44:20Z","2022-09-21T16:21:37Z","C",15740,66,66,29,"['cpd', 'machine-learning', 'mpi', 'openmp', 'parallel', 'tensor']","public",29,4,66
"mpiP","LLNL/mpiP","https://github.com/LLNL/mpiP.git","https://github.com/LLNL/mpiP","2016-04-15T23:27:47Z","2022-09-27T12:12:28Z","C",1762,57,57,15,"['mpi']","public",15,14,57
"matrix_multiplication","mperlet/matrix_multiplication","https://github.com/mperlet/matrix_multiplication.git","https://github.com/mperlet/matrix_multiplication","2014-02-20T16:52:29Z","2022-09-26T18:13:51Z","C",11,42,42,13,"['c', 'matrices', 'matrix-multiplication', 'mpi', 'openmp', 'parallel-computing', 'pthreads', 'thread']","public",13,1,42
"fuzzball","fuzzball-muck/fuzzball","https://github.com/fuzzball-muck/fuzzball.git","https://github.com/fuzzball-muck/fuzzball","2015-05-29T12:27:05Z","2022-09-15T08:15:45Z","C",10813,38,38,26,"['fuzzball', 'fuzzball-muck', 'linux', 'mpi', 'muck', 'muf']","public",26,76,38
"mpiBench","LLNL/mpiBench","https://github.com/LLNL/mpiBench.git","https://github.com/LLNL/mpiBench","2017-09-15T18:13:11Z","2022-10-03T06:08:36Z","C",21,38,38,16,"['mpi', 'performance']","public",16,2,38
"Recorder","uiuc-hpc/Recorder","https://github.com/uiuc-hpc/Recorder.git","https://github.com/uiuc-hpc/Recorder","2019-05-04T21:33:50Z","2022-07-31T20:35:41Z","C",16608,32,32,8,"['hdf5', 'hpc-applications', 'mpi', 'posix', 'tracing', 'visualization']","public",8,1,32
"sboxgates","dansarie/sboxgates","https://github.com/dansarie/sboxgates.git","https://github.com/dansarie/sboxgates","2017-01-18T02:15:48Z","2022-09-30T13:53:34Z","C",400,30,30,15,"['cryptanalysis', 'cuda', 'logic-circuit', 'mpi']","public",15,2,30
"parallel-programming","imsure/parallel-programming","https://github.com/imsure/parallel-programming.git","https://github.com/imsure/parallel-programming","2014-10-29T22:52:34Z","2022-09-17T04:28:55Z","C",240,26,26,12,"['c', 'mpi', 'openmp', 'parallel-programming', 'pthreads']","public",12,1,26
"PnMPI","LLNL/PnMPI","https://github.com/LLNL/PnMPI.git","https://github.com/LLNL/PnMPI","2010-10-17T04:54:06Z","2022-08-03T14:14:40Z","C",1498,21,21,11,"['mpi']","public",11,7,21
"parallel-convolution","jimouris/parallel-convolution","https://github.com/jimouris/parallel-convolution.git","https://github.com/jimouris/parallel-convolution","2015-10-06T09:03:43Z","2022-06-12T14:06:26Z","C",21003,23,23,13,"['blur-filter', 'cuda', 'image-convolution', 'image-processing', 'mpi', 'mpi-library', 'parallel-processing']","public",13,0,23
"mpimemu","hpc/mpimemu","https://github.com/hpc/mpimemu.git","https://github.com/hpc/mpimemu","2011-09-07T20:06:14Z","2022-07-26T01:53:49Z","C",4393,17,17,7,"['benchmark', 'memory', 'mpi']","public",7,7,17
"nbody-simulation","dileban/nbody-simulation","https://github.com/dileban/nbody-simulation.git","https://github.com/dileban/nbody-simulation","2017-11-17T12:41:08Z","2022-10-04T05:30:05Z","C",22,16,16,12,"['distributed-systems', 'mpi']","public",12,0,16
"selFIe","cea-hpc/selFIe","https://github.com/cea-hpc/selFIe.git","https://github.com/cea-hpc/selFIe","2017-02-15T13:56:58Z","2022-09-09T06:58:34Z","C",188,16,16,4,"['light-profiling-engine', 'linux', 'mpi', 'papi', 'profile', 'profiling', 'selfie']","public",4,5,16
"StarNEig","NLAFET/StarNEig","https://github.com/NLAFET/StarNEig.git","https://github.com/NLAFET/StarNEig","2019-04-27T11:31:14Z","2022-10-06T11:58:09Z","C",29199,14,14,0,"['distributed-memory', 'eigenvalueproblems', 'eigenvalues', 'eigenvectors', 'gpu', 'hessenberg', 'hessenberg-forms', 'hessenberg-reduction', 'library', 'mpi', 'nlafet', 'parallel-computing', 'qz-algorithm', 'schur-decomposition', 'schur-form', 'schur-reduction', 'shared-memory', 'starpu', 'task-based']","public",0,0,14
"ParallelProgrammingCourse","yangyang14641/ParallelProgrammingCourse","https://github.com/yangyang14641/ParallelProgrammingCourse.git","https://github.com/yangyang14641/ParallelProgrammingCourse","2018-03-07T15:36:14Z","2021-12-24T15:36:29Z","C",42939,13,13,8,"['computer-system', 'homeworks', 'mpi', 'openmp', 'parallel-algorithm', 'parallel-framework', 'parallel-programming', 'peking-university', 'performance-analysis', 'performance-tuning', 'performance-visualization', 'pthreads']","public",8,0,13
"mpi-tools","LLNL/mpi-tools","https://github.com/LLNL/mpi-tools.git","https://github.com/LLNL/mpi-tools","2013-11-14T04:27:32Z","2021-09-17T09:56:30Z","C",37,12,12,6,"['mpi']","public",6,4,12
"susy","daschaich/susy","https://github.com/daschaich/susy.git","https://github.com/daschaich/susy","2014-01-08T20:51:52Z","2022-08-24T08:08:33Z","C",19984,11,11,6,"['lattice-gauge-theory', 'mpi', 'physics', 'quantum-field-theory', 'supersymmetry']","public",6,8,11
"Parallel-Matrix-Multiplication-FOX-Algorithm","yangyang14641/Parallel-Matrix-Multiplication-FOX-Algorithm","https://github.com/yangyang14641/Parallel-Matrix-Multiplication-FOX-Algorithm.git","https://github.com/yangyang14641/Parallel-Matrix-Multiplication-FOX-Algorithm","2018-12-23T14:26:01Z","2022-10-06T17:16:56Z","C",57115,11,11,4,"['algorithm-analysis', 'data-parallelism', 'fox-algorithm', 'high-performance-computing', 'intel', 'matrix-multiplication', 'mpi', 'openmp', 'parallel-algorithm', 'supercomputing']","public",4,0,11
"hpc_lab","nowke/hpc_lab","https://github.com/nowke/hpc_lab.git","https://github.com/nowke/hpc_lab","2016-08-30T17:16:21Z","2022-02-04T10:17:48Z","C",10606,10,10,4,"['mpi', 'openmp']","public",4,0,10
"cry","davxy/cry","https://github.com/davxy/cry.git","https://github.com/davxy/cry","2018-08-14T17:18:28Z","2022-06-23T19:44:52Z","C",3936,10,10,1,"['bignum', 'cryptography', 'math', 'mpi', 'multi-precision', 'number-theory']","public",1,3,10
"armci-mpi","pmodels/armci-mpi","https://github.com/pmodels/armci-mpi.git","https://github.com/pmodels/armci-mpi","2017-03-15T17:43:08Z","2022-02-16T12:52:03Z","C",1071,10,10,5,"['armci', 'global-arrays', 'mpi', 'mpi-library', 'one-sided', 'pgas']","public",5,15,10
"OpenMP-MPI_Labs","NJU-TJL/OpenMP-MPI_Labs","https://github.com/NJU-TJL/OpenMP-MPI_Labs.git","https://github.com/NJU-TJL/OpenMP-MPI_Labs","2021-02-21T06:18:00Z","2022-09-19T08:51:53Z","C",10095,10,10,1,"['document-vector', 'document-verification', 'lu-factorization', 'matrix-multiplication', 'mpi', 'openmp', 'parallel', 'vectorization']","public",1,1,10
"parallel-netcdf","wkliao/parallel-netcdf","https://github.com/wkliao/parallel-netcdf.git","https://github.com/wkliao/parallel-netcdf","2016-03-01T22:11:13Z","2021-11-20T22:34:42Z","C",23287,9,9,4,"['fortran', 'io', 'mpi', 'netcdf', 'parallel-computing']","public",4,0,9
"PetIGA","dalcinl/PetIGA","https://github.com/dalcinl/PetIGA.git","https://github.com/dalcinl/PetIGA","2022-03-20T07:22:37Z","2022-09-21T07:01:57Z","C",1030,8,8,0,"['fem', 'isogeometric-analysis', 'mpi', 'petsc']","public",0,1,8
"intermediate-mpi","ENCCS/intermediate-mpi","https://github.com/ENCCS/intermediate-mpi.git","https://github.com/ENCCS/intermediate-mpi","2020-10-28T10:05:04Z","2022-09-03T05:34:01Z","C",7321,8,8,5,"['mpi']","public",5,25,8
"dlb","bsc-pm/dlb","https://github.com/bsc-pm/dlb.git","https://github.com/bsc-pm/dlb","2017-07-11T13:17:01Z","2022-09-02T09:16:43Z","C",4123,8,8,2,"['library', 'load-balancer', 'mpi', 'ompss', 'openmp']","public",2,0,8
"dtcmp","LLNL/dtcmp","https://github.com/LLNL/dtcmp.git","https://github.com/LLNL/dtcmp","2012-05-25T22:17:04Z","2021-09-29T21:13:33Z","C",741,8,8,6,"['mpi']","public",6,1,8
"Game-Of-Life","giorgospan/Game-Of-Life","https://github.com/giorgospan/Game-Of-Life.git","https://github.com/giorgospan/Game-Of-Life","2018-10-26T17:13:36Z","2022-04-06T23:10:08Z","C",174,8,8,1,"['distributed-memory', 'game-of-life', 'mpi', 'openmp', 'parallel-computing']","public",1,0,8
"ember","sstsimulator/ember","https://github.com/sstsimulator/ember.git","https://github.com/sstsimulator/ember","2017-10-24T00:54:31Z","2021-11-30T12:05:23Z","C",84,7,7,7,"['benchmarks', 'communication', 'motifs', 'mpi', 'openshmem', 'patterns', 'shmem', 'simulation', 'snl-mini-apps']","public",7,1,7
"Parallel_Programming_Fall_2018","Alfons0329/Parallel_Programming_Fall_2018","https://github.com/Alfons0329/Parallel_Programming_Fall_2018.git","https://github.com/Alfons0329/Parallel_Programming_Fall_2018","2018-10-12T04:10:54Z","2021-10-20T11:21:21Z","C",196362,6,6,5,"['cuda', 'image-processing', 'mpi', 'nctu-taiwan', 'opencl', 'openmp-parallelization', 'parallel-programming', 'pthreads']","public",5,0,6
"ftdock-mpi","brianjimenez/ftdock-mpi","https://github.com/brianjimenez/ftdock-mpi.git","https://github.com/brianjimenez/ftdock-mpi","2018-03-01T09:13:06Z","2021-10-06T08:54:35Z","C",46,6,6,3,"['docking', 'fftw', 'ftdock', 'mpi', 'protein-protein-docking']","public",3,0,6
"cpds-heat","joaomlneto/cpds-heat","https://github.com/joaomlneto/cpds-heat.git","https://github.com/joaomlneto/cpds-heat","2014-01-11T16:26:19Z","2021-12-25T07:34:49Z","C",51,6,6,3,"['cuda', 'cuda-support', 'gauss-seidel', 'gaussian', 'heat-equation', 'jacobi', 'mpi', 'mpi-applications', 'openmp', 'openmp-applications', 'openmp-parallelization', 'openmp-support', 'openmpi', 'paradigms', 'performance', 'red-black', 'solvers']","public",3,6,6
"simul","LLNL/simul","https://github.com/LLNL/simul.git","https://github.com/LLNL/simul","2016-09-23T22:02:54Z","2022-08-04T15:30:47Z","C",15,6,6,5,"['file-system', 'mpi', 'parallel', 'parallel-computing', 'testing']","public",5,2,6
"BPNN-Face-Recognition-For-Parallel","PAC-P2P/BPNN-Face-Recognition-For-Parallel","https://github.com/PAC-P2P/BPNN-Face-Recognition-For-Parallel.git","https://github.com/PAC-P2P/BPNN-Face-Recognition-For-Parallel","2017-05-27T16:05:46Z","2020-05-05T12:19:43Z","C",10319,6,6,5,"['back-propagation', 'backpropagation', 'bpnn', 'face-recognition', 'mpi', 'neural-network', 'neural-networks', 'openmp', 'pac-p2p', 'parallel']","public",5,3,6
"pblat-cluster","icebert/pblat-cluster","https://github.com/icebert/pblat-cluster.git","https://github.com/icebert/pblat-cluster","2015-05-22T05:31:00Z","2022-09-30T22:50:13Z","C",2151,6,6,0,"['alignment', 'bioinformatics', 'cluster-computing', 'genome', 'mapping', 'mpi', 'parallel']","public",0,1,6
"GameOfLife-MPI-OpenMp-Cuda-","billDrett/GameOfLife-MPI-OpenMp-Cuda-","https://github.com/billDrett/GameOfLife-MPI-OpenMp-Cuda-.git","https://github.com/billDrett/GameOfLife-MPI-OpenMp-Cuda-","2017-06-10T15:00:20Z","2020-12-01T11:49:42Z","C",513,6,6,0,"['cuda', 'mpi', 'mpich', 'openmp', 'parallel-computing', 'simulation']","public",0,0,6
"oshmpi","jeffhammond/oshmpi","https://github.com/jeffhammond/oshmpi.git","https://github.com/jeffhammond/oshmpi","2013-10-03T16:11:24Z","2021-07-27T11:22:44Z","C",1764,5,5,2,"['c', 'communication', 'mpi', 'openshmem', 'shmem']","public",2,8,5
"grid-model","annehutter/grid-model","https://github.com/annehutter/grid-model.git","https://github.com/annehutter/grid-model","2015-11-22T22:20:32Z","2021-05-04T09:44:18Z","C",271172,5,5,2,"['astrophysics', 'cosmological', 'fftw', 'ionization-source', 'mpi', 'photoionization', 'redshift', 'reionization']","public",2,1,5
"matrix-market-suite","jmabuin/matrix-market-suite","https://github.com/jmabuin/matrix-market-suite.git","https://github.com/jmabuin/matrix-market-suite","2016-03-31T08:35:54Z","2022-05-27T15:09:06Z","C",220,6,6,5,"['conjugate-gradient', 'linear-algebra', 'matrices', 'matrix-market', 'mpi']","public",5,0,6
"laik","envelope-project/laik","https://github.com/envelope-project/laik.git","https://github.com/envelope-project/laik","2017-02-15T12:46:37Z","2022-02-23T00:49:13Z","C",2579,5,5,4,"['malleability', 'mpi', 'mpi-support', 'parallel-applications', 'parallel-processing', 'partitioning']","public",4,15,5
"HPC-Password-Cracker","wandersonca/HPC-Password-Cracker","https://github.com/wandersonca/HPC-Password-Cracker.git","https://github.com/wandersonca/HPC-Password-Cracker","2020-09-25T03:22:00Z","2022-06-17T08:50:07Z","C",63963,9,9,5,"['brute-force', 'cracking', 'cuda', 'dictionary-attack', 'mpi', 'openmp', 'openmpi', 'parallel', 'password-cracker', 'sha256']","public",5,0,9
"Corrfunc","manodeep/Corrfunc","https://github.com/manodeep/Corrfunc.git","https://github.com/manodeep/Corrfunc","2015-09-30T05:07:04Z","2022-09-19T15:51:54Z","C",157389,140,140,46,"['astrophysics', 'avx', 'avx2', 'avx512', 'c', 'correlation-functions', 'cosmology', 'galaxies', 'intrinsics', 'large-scale-structure', 'openmp', 'pair-counting', 'python', 'simd', 'sse42']","public",46,39,140
"raytracing-render","lagodiuk/raytracing-render","https://github.com/lagodiuk/raytracing-render.git","https://github.com/lagodiuk/raytracing-render","2013-03-31T21:36:50Z","2022-08-03T17:20:07Z","C",33515,71,71,16,"['antialiasing', 'kd-tree', 'libpng', 'openmp', 'raytracing-render']","public",16,3,71
"mcxx","bsc-pm/mcxx","https://github.com/bsc-pm/mcxx.git","https://github.com/bsc-pm/mcxx","2016-06-01T16:02:42Z","2022-10-10T02:57:20Z","C",42421,61,61,20,"['compiler', 'ompss', 'openmp', 'source-to-source']","public",20,11,61
"dataracebench","LLNL/dataracebench","https://github.com/LLNL/dataracebench.git","https://github.com/LLNL/dataracebench","2017-05-26T09:24:22Z","2022-09-22T01:35:51Z","C",46221,59,59,22,"['benchmark', 'data-race', 'microbenchmarks', 'openmp']","public",22,19,59
"bots","bsc-pm/bots","https://github.com/bsc-pm/bots.git","https://github.com/bsc-pm/bots","2016-12-23T15:56:56Z","2022-09-20T15:59:23Z","C",445,37,37,13,"['benchmark', 'ompss', 'openmp', 'testing']","public",13,2,37
"sollve_vv","SOLLVE/sollve_vv","https://github.com/SOLLVE/sollve_vv.git","https://github.com/SOLLVE/sollve_vv","2018-12-13T21:20:03Z","2022-10-03T01:40:02Z","C",2280,36,36,12,"['compilers', 'openmp', 'openmp-offloading', 'openmp-target', 'testing', 'testing-framework', 'validation', 'verification']","public",12,59,36
"cere","benchmark-subsetting/cere","https://github.com/benchmark-subsetting/cere.git","https://github.com/benchmark-subsetting/cere","2015-06-09T13:28:14Z","2022-08-11T13:36:22Z","C",19124,29,29,17,"['checkpoint-restart', 'llvm', 'openmp', 'optimization', 'replayer', 'tool']","public",17,14,29
"Optimizing-DGEMM-on-Intel-CPUs-with-AVX512F","yzhaiustc/Optimizing-DGEMM-on-Intel-CPUs-with-AVX512F","https://github.com/yzhaiustc/Optimizing-DGEMM-on-Intel-CPUs-with-AVX512F.git","https://github.com/yzhaiustc/Optimizing-DGEMM-on-Intel-CPUs-with-AVX512F","2020-09-08T04:31:56Z","2022-09-28T20:13:52Z","C",3489,25,25,10,"['avx512', 'blas', 'gemm', 'mkl', 'openmp', 'simd']","public",10,0,25
"php_mt_seed","openwall/php_mt_seed","https://github.com/openwall/php_mt_seed.git","https://github.com/openwall/php_mt_seed","2021-01-09T18:56:38Z","2022-09-29T15:19:18Z","C",77,14,14,3,"['cracker', 'mersenne-twister', 'mt', 'openmp', 'php', 'rand', 'random', 'seed', 'simd']","public",3,0,14
"parallel-PCA-openmp","arneish/parallel-PCA-openmp","https://github.com/arneish/parallel-PCA-openmp.git","https://github.com/arneish/parallel-PCA-openmp","2019-03-12T11:48:27Z","2022-01-07T08:53:57Z","C",28885,13,13,2,"['c', 'classical-gram-schmidt', 'gram-schmidt', 'modified-gram-schmidt', 'openmp', 'openmp-parallelization', 'parallel-computing', 'pca', 'pca-analysis', 'principal-component-analysis', 'qr-decomposition', 'singular-value-decomposition', 'svd']","public",2,0,13
"parallel-k-means","arneish/parallel-k-means","https://github.com/arneish/parallel-k-means.git","https://github.com/arneish/parallel-k-means","2019-01-29T13:22:39Z","2021-03-16T07:46:33Z","C",23202,13,13,0,"['c', 'kmeans-clustering', 'matplotlib-figures', 'openmp', 'parallel-algorithm', 'parallel-programming', 'pthreads']","public",0,0,13
"TriangleCounting","KarypisLab/TriangleCounting","https://github.com/KarypisLab/TriangleCounting.git","https://github.com/KarypisLab/TriangleCounting","2018-03-05T04:23:23Z","2022-09-08T16:58:45Z","C",760,11,11,1,"['graph', 'graph-algorithms', 'openmp', 'parallel', 'triangle-counting']","public",1,1,11
"Parallel-Programming-TUM","arslansadiq/Parallel-Programming-TUM","https://github.com/arslansadiq/Parallel-Programming-TUM.git","https://github.com/arslansadiq/Parallel-Programming-TUM","2018-08-23T12:15:06Z","2022-08-04T10:30:22Z","C",120517,10,10,1,"['cuda', 'openmp', 'openmpi', 'pthreads']","public",1,0,10
"imop-compiler","amannougrahiya/imop-compiler","https://github.com/amannougrahiya/imop-compiler.git","https://github.com/amannougrahiya/imop-compiler","2020-02-21T23:24:38Z","2022-08-15T14:12:37Z","C",7725,9,9,1,"['c', 'compilers', 'iit-madras-openmp', 'imop', 'java', 'openmp', 'source-to-source', 'z3-solver']","public",1,0,9
"AutoParBench","LLNL/AutoParBench","https://github.com/LLNL/AutoParBench.git","https://github.com/LLNL/AutoParBench","2020-01-23T01:24:29Z","2022-04-21T14:17:22Z","C",8894,9,9,0,"['benchmark', 'openmp']","public",0,4,9
"tracerr","DLopezMadrid/tracerr","https://github.com/DLopezMadrid/tracerr.git","https://github.com/DLopezMadrid/tracerr","2020-04-25T17:14:35Z","2020-06-12T15:14:32Z","C",7553,9,9,1,"['eigen', 'eigen3', 'openmp', 'parallel-computing', 'ray-tracer', 'raytracer', 'raytracing', 'thread-pool']","public",1,0,9
"Shi_Tomasi_Feature_Detection","balos1/Shi_Tomasi_Feature_Detection","https://github.com/balos1/Shi_Tomasi_Feature_Detection.git","https://github.com/balos1/Shi_Tomasi_Feature_Detection","2017-09-20T04:47:20Z","2021-10-14T10:13:16Z","C",79,8,8,2,"['cuda', 'image-processing', 'openmp', 'shi-tomasi-detection']","public",2,0,8
"K-Truss","KarypisLab/K-Truss","https://github.com/KarypisLab/K-Truss.git","https://github.com/KarypisLab/K-Truss","2018-03-27T21:30:26Z","2022-09-03T18:28:35Z","C",37,7,7,2,"['graph', 'openmp']","public",2,1,7
"parallel-image-processing-algorithms","lapa19/parallel-image-processing-algorithms","https://github.com/lapa19/parallel-image-processing-algorithms.git","https://github.com/lapa19/parallel-image-processing-algorithms","2016-12-19T07:49:48Z","2022-03-06T23:07:07Z","C",2693,7,7,2,"['image-processing', 'openmp', 'otsu', 'parallel', 'pymp']","public",2,0,7
"z_","zakarouf/z_","https://github.com/zakarouf/z_.git","https://github.com/zakarouf/z_","2021-03-17T18:16:47Z","2022-03-29T05:27:15Z","C",17290,7,7,0,"['base', 'c', 'calloc', 'dynamic-arrays', 'linked-list-in-c', 'mathematics', 'memory-tracker', 'meta-programming', 'multi-threading', 'openmp', 'realloc', 'standard-library', 'sys', 'system', 'types']","public",0,0,7
"OMPi","ppg-uoi/OMPi","https://github.com/ppg-uoi/OMPi.git","https://github.com/ppg-uoi/OMPi","2018-05-19T17:23:53Z","2022-03-31T15:33:55Z","C",1376,7,7,1,"['compiler', 'ompi', 'ompicc', 'openmp', 'openmp-support', 'runtime', 'runtime-system', 'source-to-source']","public",1,0,7
"otter","adamtuft/otter","https://github.com/adamtuft/otter.git","https://github.com/adamtuft/otter","2021-04-18T22:42:44Z","2022-05-19T08:33:59Z","C",559,5,5,1,"['directed-acyclic-graph', 'ompt', 'openmp', 'openmpt', 'performance-analysis', 'performance-optimisation', 'task-based-programming', 'tasks', 'tracing', 'visualisation']","public",1,5,5
"omp-logs","GuilloteauQ/omp-logs","https://github.com/GuilloteauQ/omp-logs.git","https://github.com/GuilloteauQ/omp-logs","2019-02-27T09:46:23Z","2021-11-02T13:57:27Z","C",491,7,7,0,"['logging', 'openmp', 'visualization']","public",0,3,7
"Mathy-Compiler","adharshkamath/Mathy-Compiler","https://github.com/adharshkamath/Mathy-Compiler.git","https://github.com/adharshkamath/Mathy-Compiler","2020-06-13T05:26:21Z","2022-03-22T19:58:52Z","C",1323,7,7,1,"['bison', 'c', 'compiler', 'compiler-construction', 'cpp', 'equation', 'flex', 'lex', 'mathematical-equation', 'mathematical-notations', 'omp-parallel', 'openmp', 'openmp-programs', 'parallelization', 'transpiler', 'yacc']","public",1,0,7
"OpenMP","rohinarora/OpenMP","https://github.com/rohinarora/OpenMP.git","https://github.com/rohinarora/OpenMP","2020-02-22T06:09:20Z","2021-07-28T17:25:11Z","C",9443,6,6,0,"['c', 'cpp', 'high-performance-computing', 'openmp', 'openmp-applications', 'openmp-optimization', 'openmp-parallelization', 'openmp-support', 'parallel-algorithm', 'parallel-computing', 'parallel-programming']","public",0,0,6
"OpenMP_C_12_steps_to_Navier_Stokes","soumyasen1809/OpenMP_C_12_steps_to_Navier_Stokes","https://github.com/soumyasen1809/OpenMP_C_12_steps_to_Navier_Stokes.git","https://github.com/soumyasen1809/OpenMP_C_12_steps_to_Navier_Stokes","2020-07-11T11:26:31Z","2022-09-07T21:37:16Z","C",919,6,6,1,"['burgers-equation', 'c', 'cfd', 'computational-fluid-dynamics', 'computational-fluid-simulation', 'convection-diffusion', 'dynamic-memory-allocation', 'navier-stokes-equations', 'openmp', 'parallel-computing']","public",1,0,6
"Parallel-Sudoku-Solver","Shivanshu-Gupta/Parallel-Sudoku-Solver","https://github.com/Shivanshu-Gupta/Parallel-Sudoku-Solver.git","https://github.com/Shivanshu-Gupta/Parallel-Sudoku-Solver","2016-09-22T17:41:44Z","2021-11-23T17:59:33Z","C",441,6,6,2,"['fast', 'openmp', 'parallel-dfs', 'sudoku-solver']","public",2,1,6
"PAR-Laboratoris","carlotacb/PAR-Laboratoris","https://github.com/carlotacb/PAR-Laboratoris.git","https://github.com/carlotacb/PAR-Laboratoris","2019-02-10T18:50:47Z","2020-02-25T11:23:52Z","C",9309,6,6,1,"['boada', 'descomposition', 'fib', 'mandelbrot', 'openmp', 'overhead', 'par', 'sorting-algorithms', 'upc']","public",1,0,6
"openmp_offload_and_blas","colleeneb/openmp_offload_and_blas","https://github.com/colleeneb/openmp_offload_and_blas.git","https://github.com/colleeneb/openmp_offload_and_blas","2019-10-22T04:22:16Z","2022-03-23T07:01:41Z","C",219,6,6,1,"['blas', 'interoperability', 'offloading', 'openmp']","public",1,0,6
"Parallel-Programming","rahulsonone1234/Parallel-Programming","https://github.com/rahulsonone1234/Parallel-Programming.git","https://github.com/rahulsonone1234/Parallel-Programming","2020-04-20T09:38:08Z","2022-05-01T16:33:05Z","C",663,7,7,2,"['c', 'contrast-stretching', 'cpp', 'devlibs', 'edge-detection', 'fopenmp', 'gpu-computing', 'gpu-programming', 'image-processing', 'jpeg', 'jpg-images', 'negation', 'openmp', 'openmp-backend', 'openmp-optimization', 'openmp-parallelization', 'png', 'png-image-generate', 'png-optimizer']","public",2,0,7
"OpenGraphSim","atmughrabi/OpenGraphSim","https://github.com/atmughrabi/OpenGraphSim.git","https://github.com/atmughrabi/OpenGraphSim","2020-08-08T03:24:22Z","2022-06-21T06:36:31Z","C",332033,9,9,1,"['betweenness-centrality', 'bfs', 'cache-simulator', 'connected-components', 'dfs', 'gem5-simulator', 'graph-algorithms', 'openmp', 'pagerank', 'sniper', 'snipersim', 'spmv', 'triangle-counting']","public",1,0,9
"AMG","LLNL/AMG","https://github.com/LLNL/AMG.git","https://github.com/LLNL/AMG","2017-08-17T16:24:00Z","2022-09-05T13:47:46Z","C",629,23,23,16,"['proxy-application']","public",16,2,23
"pynamic","LLNL/pynamic","https://github.com/LLNL/pynamic.git","https://github.com/LLNL/pynamic","2014-04-09T17:55:15Z","2021-11-09T23:29:44Z","C",753,5,5,4,"['proxy-application', 'python']","public",4,2,5
"p4pdes","bueler/p4pdes","https://github.com/bueler/p4pdes.git","https://github.com/bueler/p4pdes","2014-09-21T11:01:32Z","2022-09-30T04:03:31Z","C",4629,127,127,54,"['advection', 'c', 'finite-difference', 'finite-element-methods', 'firedrake', 'fluid-mechanics', 'krylov', 'multigrid', 'newtons-method', 'ordinary-differential-equations', 'parallel-computing', 'partial-differential-equations', 'petsc', 'preconditioning', 'python', 'scientific-computing', 'supercomputing', 'variational-inequality']","public",54,0,127
"openacc-users-group","OpenACCUserGroup/openacc-users-group","https://github.com/OpenACCUserGroup/openacc-users-group.git","https://github.com/OpenACCUserGroup/openacc-users-group","2017-02-07T03:30:19Z","2022-10-02T03:01:42Z","C",7012,70,70,24,"['codes', 'openacc', 'parallel-computing', 'training-materials']","public",24,1,70
"QUICK","merzlab/QUICK","https://github.com/merzlab/QUICK.git","https://github.com/merzlab/QUICK","2019-02-25T02:56:48Z","2022-10-05T19:20:16Z","C",153793,67,67,31,"['chemistry', 'computational-chemistry', 'cuda', 'density-functional-theory', 'electronic-structure-calculations', 'gpu', 'gpu-acceleration', 'hartree-fock', 'parallel-computing', 'quantum-chemistry']","public",31,23,67
"sph_opengl","multiprecision/sph_opengl","https://github.com/multiprecision/sph_opengl.git","https://github.com/multiprecision/sph_opengl","2017-02-06T01:00:41Z","2022-09-13T06:09:50Z","C",8743,58,58,9,"['college-project', 'computational-fluid-dynamics', 'compute-shader', 'fluid-simulation', 'glsl', 'opengl', 'parallel-computing', 'smoothed-particle-hydrodynamics', 'university-project']","public",9,0,58
"explicitSolidDynamics","jibranhaider/explicitSolidDynamics","https://github.com/jibranhaider/explicitSolidDynamics.git","https://github.com/jibranhaider/explicitSolidDynamics","2018-07-03T08:51:03Z","2022-07-01T17:55:07Z","C",105064,43,43,16,"['c-plus-plus', 'explicit-dynamics', 'explicit-solid-dynamics', 'finite-volume', 'openfoam', 'parallel-computing', 'solid-mechanics']","public",16,1,43
"ludwig","ludwig-cf/ludwig","https://github.com/ludwig-cf/ludwig.git","https://github.com/ludwig-cf/ludwig","2018-06-15T16:11:39Z","2022-10-07T04:13:46Z","C",195399,37,37,28,"['fluid-dynamics', 'parallel-computing', 'soft-matter']","public",28,15,37
"mmc","fangq/mmc","https://github.com/fangq/mmc.git","https://github.com/fangq/mmc","2015-01-25T05:05:52Z","2022-06-14T14:56:29Z","C",19756,29,29,27,"['biomedical-image-processing', 'matlab', 'monte-carlo', 'multi-threading', 'parallel-computing', 'photonics', 'transport']","public",27,8,29
"pnl","pnlnum/pnl","https://github.com/pnlnum/pnl.git","https://github.com/pnlnum/pnl","2017-06-29T09:00:28Z","2021-12-25T11:47:34Z","C",13159,16,16,4,"['c', 'parallel-computing', 'scientific-computing']","public",4,0,16
"parallel-distributed-computing-C","Dainerx/parallel-distributed-computing-C","https://github.com/Dainerx/parallel-distributed-computing-C.git","https://github.com/Dainerx/parallel-distributed-computing-C","2019-10-04T10:54:52Z","2022-05-18T13:36:58Z","C",183,14,14,2,"['c', 'mathematics', 'parallel-computing']","public",2,0,14
"MatrixComputeEngine","shumink/MatrixComputeEngine","https://github.com/shumink/MatrixComputeEngine.git","https://github.com/shumink/MatrixComputeEngine","2018-04-09T08:58:25Z","2019-07-18T00:49:12Z","C",30,10,10,1,"['parallel-computing', 'pthreads', 'sse']","public",1,0,10
"pthreads","manasesjesus/pthreads","https://github.com/manasesjesus/pthreads.git","https://github.com/manasesjesus/pthreads","2017-10-09T00:08:32Z","2022-09-07T14:07:00Z","C",28,6,6,3,"['mutex', 'n-queens', 'parallel-computing', 'posix-threads', 'pthreads', 'pthreads-api', 'pythagoras', 'queens-puzzle']","public",3,0,6
"fft-dft-opencl","pradeepsinngh/fft-dft-opencl","https://github.com/pradeepsinngh/fft-dft-opencl.git","https://github.com/pradeepsinngh/fft-dft-opencl","2016-10-13T17:20:27Z","2020-02-18T23:31:17Z","C",692,6,6,3,"['fpga', 'opencl', 'parallel-computing', 'signal-processing']","public",3,0,6
"multicore-nios","Goshik92/multicore-nios","https://github.com/Goshik92/multicore-nios.git","https://github.com/Goshik92/multicore-nios","2020-02-12T01:19:02Z","2022-06-21T16:09:02Z","C",409,8,8,4,"['de2-115', 'fpga', 'fpga-soc', 'hdl', 'mailbox', 'matrix-multiplication', 'nios', 'nios2', 'parallel-computing', 'parallel-programming', 'platform-designer', 'qsys', 'quartus', 'shared-memory', 'sopc', 'spmd', 'verilog']","public",4,0,8
"adaptive-boxes-gpu","jnfran92/adaptive-boxes-gpu","https://github.com/jnfran92/adaptive-boxes-gpu.git","https://github.com/jnfran92/adaptive-boxes-gpu","2019-07-15T22:03:33Z","2022-01-02T08:11:44Z","C",813,6,6,0,"['acoustics', 'computational-acoustics', 'cuda', 'domain-decomposition', 'gpu', 'mesh', 'parallel-computing', 'rectangle-covering', 'rectangle-detection', 'rectangular-decomposition', 'sound-propagation-modeling']","public",0,2,6
"tc-optimizer","piotr-skotnicki/tc-optimizer","https://github.com/piotr-skotnicki/tc-optimizer.git","https://github.com/piotr-skotnicki/tc-optimizer","2018-06-15T16:46:30Z","2020-11-11T19:32:17Z","C",1018,5,5,0,"['automatic-parallelization', 'code-locality', 'compiler', 'dependence-graph', 'iteration-space-slicing', 'loop-optimization', 'optimizing-compiler', 'parallel-computing', 'polyhedral-model', 'source-to-source', 'stencils', 'synchronization-free-parallelism', 'tiling', 'transitive-closure']","public",0,0,5
"Matrix-Vector-Multiplication-OPEN_MPI","dom0000D/Matrix-Vector-Multiplication-OPEN_MPI","https://github.com/dom0000D/Matrix-Vector-Multiplication-OPEN_MPI.git","https://github.com/dom0000D/Matrix-Vector-Multiplication-OPEN_MPI","2022-04-20T20:01:09Z","2022-06-13T19:37:43Z","C",5018,5,5,2,"['c', 'openmpi', 'parallel-computing']","public",2,0,5
"parallel-pagerank","nikos912000/parallel-pagerank","https://github.com/nikos912000/parallel-pagerank.git","https://github.com/nikos912000/parallel-pagerank","2014-07-28T00:13:34Z","2022-04-08T06:24:21Z","C",7,6,6,1,"['pagerank', 'parallel-computing', 'pthreads']","public",1,0,6
"datoviz","datoviz/datoviz","https://github.com/datoviz/datoviz.git","https://github.com/datoviz/datoviz","2020-07-21T20:48:09Z","2022-10-10T03:58:45Z","C",5445,392,392,21,"['c', 'cpp', 'data-visualization', 'data-viz', 'gpu', 'graphics', 'python', 'rendering', 'scientific-computing', 'scientific-visualization', 'visualization', 'vulkan']","public",21,16,392
"numo-narray","ruby-numo/numo-narray","https://github.com/ruby-numo/numo-narray.git","https://github.com/ruby-numo/numo-narray","2013-07-11T11:22:52Z","2022-10-09T21:20:12Z","C",3148,354,354,36,"['narray', 'numo', 'ruby', 'ruby-numo', 'scientific-computing']","public",36,47,354
"phpsci-carray","phpsci/phpsci-carray","https://github.com/phpsci/phpsci-carray.git","https://github.com/phpsci/phpsci-carray","2018-02-25T15:09:27Z","2022-09-09T10:59:58Z","C",481,188,188,15,"['carray', 'linear-algebra', 'matrices', 'matrix', 'openblas', 'php', 'php-array', 'php-library', 'php7', 'phpsci-carray', 'phpsci-extension', 'psr-0', 'psr-1', 'psr-2', 'scientific-computing']","public",15,2,188
"sts","arcetri/sts","https://github.com/arcetri/sts.git","https://github.com/arcetri/sts","2016-12-06T19:29:50Z","2022-08-28T20:34:27Z","C",62483,66,66,20,"['cryptography', 'fftw', 'nist', 'prng', 'random-number-generators', 'scientific-computing', 'statistical-tests', 'sts']","public",20,1,66
"McCode","McStasMcXtrace/McCode","https://github.com/McStasMcXtrace/McCode.git","https://github.com/McStasMcXtrace/McCode","2015-03-23T13:24:22Z","2022-10-07T12:14:53Z","C",1439318,58,58,45,"['c', 'neutron', 'raytracing', 'scientific-computing', 'simulation', 'x-ray']","public",45,272,58
"adorad","adorad/adorad","https://github.com/adorad/adorad.git","https://github.com/adorad/adorad","2021-03-02T06:02:54Z","2022-08-29T10:48:27Z","C",705,54,54,7,"['adorad', 'adorad-language', 'c', 'clang', 'compiler', 'computing', 'cuda', 'deep-learning', 'functional-programming', 'gpu', 'jit', 'language', 'llvm', 'machine-learning', 'macros', 'metaprogramming', 'object-oriented', 'programming-language', 'science', 'scientific-computing']","public",7,3,54
"Benzina","obilaniu/Benzina","https://github.com/obilaniu/Benzina.git","https://github.com/obilaniu/Benzina","2018-04-12T17:02:29Z","2022-09-23T20:34:55Z","C",1051,36,36,8,"['data-loader', 'python-library', 'science', 'scientific-computing', 'utility-library']","public",8,6,36
"mpmc","mpmccode/mpmc","https://github.com/mpmccode/mpmc.git","https://github.com/mpmccode/mpmc","2015-04-07T18:12:11Z","2022-08-10T07:32:12Z","C",13586,33,33,10,"['chemistry', 'metal-organic-materials', 'monte-carlo', 'monte-carlo-simulation', 'monte-carlo-simulations', 'physics', 'physics-simulation', 'science', 'scientific-computing']","public",10,4,33
"hiperc","usnistgov/hiperc","https://github.com/usnistgov/hiperc.git","https://github.com/usnistgov/hiperc","2017-08-07T17:00:41Z","2022-05-30T13:05:04Z","C",10637,33,33,9,"['computational-science', 'cuda', 'diffusion', 'diffusion-equation', 'finite-difference', 'gpgpu', 'gpu', 'gpu-computing', 'materials-science', 'openacc', 'phase-field', 'scientific-computing', 'shared-memory-parallel', 'xeon-phi']","public",9,27,33
"arpra","arpra-project/arpra","https://github.com/arpra-project/arpra.git","https://github.com/arpra-project/arpra","2016-09-30T12:04:26Z","2022-07-04T06:06:47Z","C",851,18,18,1,"['affine-arithmetic', 'arbitrary-precision', 'mpfr', 'numerical-analysis', 'range-analysis', 'scientific-computing', 'static-analysis']","public",1,3,18
"ostap","OstapHEP/ostap","https://github.com/OstapHEP/ostap.git","https://github.com/OstapHEP/ostap","2017-02-09T15:26:36Z","2022-10-07T12:23:17Z","C",27026,13,13,11,"['cern', 'interactive', 'physics', 'pyroot', 'python', 'root-cern', 'scientific-computing', 'statistics']","public",11,9,13
"EinsumsInCpp","jturney/EinsumsInCpp","https://github.com/jturney/EinsumsInCpp.git","https://github.com/jturney/EinsumsInCpp","2022-01-12T15:47:35Z","2022-09-20T14:13:23Z","C",4879,13,13,1,"['cp-decomposition', 'cpp', 'cpp17', 'dense-matrices', 'einsum', 'linear-algebra', 'matrix', 'matrix-computations', 'matrix-library', 'scientific-computing', 'tensor', 'tensor-contraction', 'tensor-decomposition', 'tucker-decomposition']","public",1,0,13
"NSEoS","thomascarreau/NSEoS","https://github.com/thomascarreau/NSEoS.git","https://github.com/thomascarreau/NSEoS","2017-12-12T20:50:50Z","2022-07-01T06:14:22Z","C",2235,14,14,5,"['astrophysics', 'equation-of-state', 'neutron-star', 'nuclear-physics', 'physics', 'scientific-computing']","public",5,0,14
"simple-slow-rot-NS-solver","duetosymmetry/simple-slow-rot-NS-solver","https://github.com/duetosymmetry/simple-slow-rot-NS-solver.git","https://github.com/duetosymmetry/simple-slow-rot-NS-solver","2017-09-08T06:56:03Z","2021-05-25T06:54:47Z","C",163,11,11,1,"['scientific-computing']","public",1,1,11
"mgmetis","chiao45/mgmetis","https://github.com/chiao45/mgmetis.git","https://github.com/chiao45/mgmetis","2019-10-12T13:55:03Z","2022-08-21T22:25:29Z","C",476,6,6,3,"['graph-algorithms', 'mesh', 'metis', 'partitioning-algorithms', 'scientific-computing']","public",3,3,6
"archimedes-nitrides","jmarini/archimedes-nitrides","https://github.com/jmarini/archimedes-nitrides.git","https://github.com/jmarini/archimedes-nitrides","2015-10-28T21:27:06Z","2022-07-10T22:13:59Z","C",1067,4,4,2,"['monte-carlo', 'scientific-computing', 'semiconductor-physics', 'simulation']","public",2,1,4
"NNPACK","Maratyszcza/NNPACK","https://github.com/Maratyszcza/NNPACK.git","https://github.com/Maratyszcza/NNPACK","2016-03-21T17:47:34Z","2022-10-09T18:49:51Z","C",1106,1578,1578,307,"['convolutional-layers', 'cpu', 'fast-fourier-transform', 'high-performance', 'high-performance-computing', 'inference', 'matrix-multiplication', 'multithreading', 'neural-network', 'neural-networks', 'simd', 'winograd-transform']","public",307,40,1578
"libhermit","hermitcore/libhermit","https://github.com/hermitcore/libhermit.git","https://github.com/hermitcore/libhermit","2015-05-09T07:26:59Z","2022-09-18T16:29:03Z","C",44668,211,211,42,"['cloud-computing', 'high-performance-computing', 'kernel', 'multi-kernel', 'operating-system', 'osdev', 'unikernel', 'virtualization']","public",42,15,211
"rbcuda","SciRuby/rbcuda","https://github.com/SciRuby/rbcuda.git","https://github.com/SciRuby/rbcuda","2016-04-19T11:00:17Z","2022-10-06T22:59:31Z","C",224,58,58,10,"['cuda', 'gpu-acceleration', 'gpu-computing', 'high-performance-computing', 'ruby']","public",10,4,58
"ReLAPACK","HPAC/ReLAPACK","https://github.com/HPAC/ReLAPACK.git","https://github.com/HPAC/ReLAPACK","2015-12-14T16:31:41Z","2022-09-19T11:22:37Z","C",613,38,38,5,"['high-performance-computing', 'lapack', 'recursion']","public",5,2,38
"mptrac","slcs-jsc/mptrac","https://github.com/slcs-jsc/mptrac.git","https://github.com/slcs-jsc/mptrac","2019-12-27T13:02:15Z","2022-09-23T08:56:56Z","C",500201,20,20,10,"['atmospheric-modelling', 'atmospheric-science', 'climate', 'climate-science', 'dispersion', 'dispersion-model', 'high-performance-computing', 'meteorology', 'stratosphere', 'trajectories', 'troposphere']","public",10,0,20
"GSS","closest-git/GSS","https://github.com/closest-git/GSS.git","https://github.com/closest-git/GSS","2018-03-17T11:12:25Z","2022-09-28T04:20:02Z","C",21869,17,17,3,"['gpu-computing', 'gpu-sparse-solver', 'gss', 'high-performance-computing', 'matrix-decompositions', 'matrix-factorization', 'pardiso', 'sparse-linear-systems', 'sparse-matrices']","public",3,0,17
"hermit-playground","hermitcore/hermit-playground","https://github.com/hermitcore/hermit-playground.git","https://github.com/hermitcore/hermit-playground","2019-06-16T07:27:47Z","2022-08-27T16:48:58Z","C",45064,17,17,10,"['cloud-computing', 'high-performance-computing', 'kernel', 'operating-system', 'unikernels', 'virtualization']","public",10,4,17
"iris","ORNL/iris","https://github.com/ORNL/iris.git","https://github.com/ORNL/iris","2020-02-14T21:24:04Z","2022-08-16T15:18:50Z","C",22072,12,12,3,"['edge-computing', 'high-performance-computing']","public",3,4,12
"parsec","ICLDisco/parsec","https://github.com/ICLDisco/parsec.git","https://github.com/ICLDisco/parsec","2022-02-17T02:16:03Z","2022-08-18T06:17:24Z","C",21496,11,11,12,"['dataflow-programming', 'gpu-acceleration', 'gpu-computing', 'high-performance-computing', 'runtime-system']","public",12,82,11
"jasminegraph","miyurud/jasminegraph","https://github.com/miyurud/jasminegraph.git","https://github.com/miyurud/jasminegraph","2018-09-16T13:50:05Z","2022-09-04T04:21:36Z","C",4130,11,11,14,"['data-management', 'databases', 'graph', 'graph-algorigthms', 'graph-database', 'graph-theory', 'graphdatabase', 'graphdb', 'high-performance-computing']","public",14,9,11
"nabla","camierjs/nabla","https://github.com/camierjs/nabla.git","https://github.com/camierjs/nabla","2017-03-05T14:48:35Z","2022-07-29T07:46:50Z","C",7301,6,6,1,"['computational-science', 'domain-specific-language', 'high-performance-computing', 'numerical-simulations']","public",1,0,6
"jurassic","slcs-jsc/jurassic","https://github.com/slcs-jsc/jurassic.git","https://github.com/slcs-jsc/jurassic","2019-12-27T12:43:59Z","2021-12-19T18:06:27Z","C",72210,5,5,0,"['atmosphere', 'atmospheric-science', 'high-performance-computing', 'infrared', 'meteorology', 'radiative-transfer', 'remote-sensing', 'stratosphere', 'troposphere']","public",0,0,5
"self-checkpoint","thu-pacman/self-checkpoint","https://github.com/thu-pacman/self-checkpoint.git","https://github.com/thu-pacman/self-checkpoint","2016-11-18T12:34:33Z","2021-12-03T05:25:28Z","C",4834,5,5,2,"['benchmarking', 'high-performance-computing', 'memory-checkpoint', 'research-project']","public",2,2,5
